t_v,sum_dN,sum_I_dN,sum_Y,sum_I_Y,U_t
12,2.0,0.0,29.0,20.0,-1.3793103448275863
13,2.0,0.0,31.0,24.0,-1.5483870967741935
15,3.0,3.0,45.0,40.0,0.3333333333333335
16,4.0,3.0,54.0,49.0,-0.6296296296296293
17,2.0,1.0,55.0,51.0,-0.8545454545454545
18,6.0,6.0,53.0,50.0,0.33962264150943344
19,1.0,1.0,47.0,44.0,0.06382978723404253
20,2.0,2.0,46.0,43.0,0.1304347826086958
21,2.0,2.0,44.0,41.0,0.13636363636363624
22,1.0,1.0,42.0,39.0,0.07142857142857151
23,2.0,2.0,41.0,38.0,0.14634146341463405
